Does it have feathers?,No,aardvark
Is it toothed?,Yes,aardvark
Is it venomous?,No,aardvark
Does it have a backbone?,Yes,aardvark
catsize,Yes,aardvark
Does it breathe?,Yes,aardvark
Is it airborne?,No,aardvark
Is it domestic?,No,aardvark
type,Yes,aardvark
Is it aquatic?,No,aardvark
Does it have a tail?,No,aardvark
Does it have hair?,Yes,aardvark
Does it produce milk?,Yes,aardvark
Is it a predator?,Yes,aardvark
Does it have legs?,Yes,aardvark
Does it lay eggs?,No,aardvark
Does it have fins?,No,aardvark
Does it have feathers?,No,antelope
Is it toothed?,Yes,antelope
Is it venomous?,No,antelope
Does it have a backbone?,Yes,antelope
catsize,Yes,antelope
Does it breathe?,Yes,antelope
Is it airborne?,No,antelope
Is it domestic?,No,antelope
type,Yes,antelope
Is it aquatic?,No,antelope
Does it have a tail?,Yes,antelope
Does it have hair?,Yes,antelope
Does it produce milk?,Yes,antelope
Is it a predator?,No,antelope
Does it have legs?,Yes,antelope
Does it lay eggs?,No,antelope
Does it have fins?,No,antelope
Does it have feathers?,No,bass
Is it toothed?,Yes,bass
Is it venomous?,No,bass
Does it have a backbone?,Yes,bass
catsize,No,bass
Does it breathe?,No,bass
Is it airborne?,No,bass
Is it domestic?,No,bass
type,Yes,bass
Is it aquatic?,Yes,bass
Does it have a tail?,Yes,bass
Does it have hair?,No,bass
Does it produce milk?,No,bass
Is it a predator?,Yes,bass
Does it have legs?,No,bass
Does it lay eggs?,Yes,bass
Does it have fins?,Yes,bass
Does it have feathers?,No,bear
Is it toothed?,Yes,bear
Is it venomous?,No,bear
Does it have a backbone?,Yes,bear
catsize,Yes,bear
Does it breathe?,Yes,bear
Is it airborne?,No,bear
Is it domestic?,No,bear
type,Yes,bear
Is it aquatic?,No,bear
Does it have a tail?,No,bear
Does it have hair?,Yes,bear
Does it produce milk?,Yes,bear
Is it a predator?,Yes,bear
Does it have legs?,Yes,bear
Does it lay eggs?,No,bear
Does it have fins?,No,bear
Does it have feathers?,No,boar
Is it toothed?,Yes,boar
Is it venomous?,No,boar
Does it have a backbone?,Yes,boar
catsize,Yes,boar
Does it breathe?,Yes,boar
Is it airborne?,No,boar
Is it domestic?,No,boar
type,Yes,boar
Is it aquatic?,No,boar
Does it have a tail?,Yes,boar
Does it have hair?,Yes,boar
Does it produce milk?,Yes,boar
Is it a predator?,Yes,boar
Does it have legs?,Yes,boar
Does it lay eggs?,No,boar
Does it have fins?,No,boar
Does it have feathers?,No,buffalo
Is it toothed?,Yes,buffalo
Is it venomous?,No,buffalo
Does it have a backbone?,Yes,buffalo
catsize,Yes,buffalo
Does it breathe?,Yes,buffalo
Is it airborne?,No,buffalo
Is it domestic?,No,buffalo
type,Yes,buffalo
Is it aquatic?,No,buffalo
Does it have a tail?,Yes,buffalo
Does it have hair?,Yes,buffalo
Does it produce milk?,Yes,buffalo
Is it a predator?,No,buffalo
Does it have legs?,Yes,buffalo
Does it lay eggs?,No,buffalo
Does it have fins?,No,buffalo
Does it have feathers?,No,calf
Is it toothed?,Yes,calf
Is it venomous?,No,calf
Does it have a backbone?,Yes,calf
catsize,Yes,calf
Does it breathe?,Yes,calf
Is it airborne?,No,calf
Is it domestic?,Yes,calf
type,Yes,calf
Is it aquatic?,No,calf
Does it have a tail?,Yes,calf
Does it have hair?,Yes,calf
Does it produce milk?,Yes,calf
Is it a predator?,No,calf
Does it have legs?,Yes,calf
Does it lay eggs?,No,calf
Does it have fins?,No,calf
Does it have feathers?,No,carp
Is it toothed?,Yes,carp
Is it venomous?,No,carp
Does it have a backbone?,Yes,carp
catsize,No,carp
Does it breathe?,No,carp
Is it airborne?,No,carp
Is it domestic?,Yes,carp
type,Yes,carp
Is it aquatic?,Yes,carp
Does it have a tail?,Yes,carp
Does it have hair?,No,carp
Does it produce milk?,No,carp
Is it a predator?,No,carp
Does it have legs?,No,carp
Does it lay eggs?,Yes,carp
Does it have fins?,Yes,carp
Does it have feathers?,No,catfish
Is it toothed?,Yes,catfish
Is it venomous?,No,catfish
Does it have a backbone?,Yes,catfish
catsize,No,catfish
Does it breathe?,No,catfish
Is it airborne?,No,catfish
Is it domestic?,No,catfish
type,Yes,catfish
Is it aquatic?,Yes,catfish
Does it have a tail?,Yes,catfish
Does it have hair?,No,catfish
Does it produce milk?,No,catfish
Is it a predator?,Yes,catfish
Does it have legs?,No,catfish
Does it lay eggs?,Yes,catfish
Does it have fins?,Yes,catfish
Does it have feathers?,No,cavy
Is it toothed?,Yes,cavy
Is it venomous?,No,cavy
Does it have a backbone?,Yes,cavy
catsize,No,cavy
Does it breathe?,Yes,cavy
Is it airborne?,No,cavy
Is it domestic?,Yes,cavy
type,Yes,cavy
Is it aquatic?,No,cavy
Does it have a tail?,No,cavy
Does it have hair?,Yes,cavy
Does it produce milk?,Yes,cavy
Is it a predator?,No,cavy
Does it have legs?,Yes,cavy
Does it lay eggs?,No,cavy
Does it have fins?,No,cavy
Does it have feathers?,No,cheetah
Is it toothed?,Yes,cheetah
Is it venomous?,No,cheetah
Does it have a backbone?,Yes,cheetah
catsize,Yes,cheetah
Does it breathe?,Yes,cheetah
Is it airborne?,No,cheetah
Is it domestic?,No,cheetah
type,Yes,cheetah
Is it aquatic?,No,cheetah
Does it have a tail?,Yes,cheetah
Does it have hair?,Yes,cheetah
Does it produce milk?,Yes,cheetah
Is it a predator?,Yes,cheetah
Does it have legs?,Yes,cheetah
Does it lay eggs?,No,cheetah
Does it have fins?,No,cheetah
Does it have feathers?,Yes,chicken
Is it toothed?,No,chicken
Is it venomous?,No,chicken
Does it have a backbone?,Yes,chicken
catsize,No,chicken
Does it breathe?,Yes,chicken
Is it airborne?,Yes,chicken
Is it domestic?,Yes,chicken
type,Yes,chicken
Is it aquatic?,No,chicken
Does it have a tail?,Yes,chicken
Does it have hair?,No,chicken
Does it produce milk?,No,chicken
Is it a predator?,No,chicken
Does it have legs?,Yes,chicken
Does it lay eggs?,Yes,chicken
Does it have fins?,No,chicken
Does it have feathers?,No,chub
Is it toothed?,Yes,chub
Is it venomous?,No,chub
Does it have a backbone?,Yes,chub
catsize,No,chub
Does it breathe?,No,chub
Is it airborne?,No,chub
Is it domestic?,No,chub
type,Yes,chub
Is it aquatic?,Yes,chub
Does it have a tail?,Yes,chub
Does it have hair?,No,chub
Does it produce milk?,No,chub
Is it a predator?,Yes,chub
Does it have legs?,No,chub
Does it lay eggs?,Yes,chub
Does it have fins?,Yes,chub
Does it have feathers?,No,clam
Is it toothed?,No,clam
Is it venomous?,No,clam
Does it have a backbone?,No,clam
catsize,No,clam
Does it breathe?,No,clam
Is it airborne?,No,clam
Is it domestic?,No,clam
type,Yes,clam
Is it aquatic?,No,clam
Does it have a tail?,No,clam
Does it have hair?,No,clam
Does it produce milk?,No,clam
Is it a predator?,Yes,clam
Does it have legs?,No,clam
Does it lay eggs?,Yes,clam
Does it have fins?,No,clam
Does it have feathers?,No,crab
Is it toothed?,No,crab
Is it venomous?,No,crab
Does it have a backbone?,No,crab
catsize,No,crab
Does it breathe?,No,crab
Is it airborne?,No,crab
Is it domestic?,No,crab
type,Yes,crab
Is it aquatic?,Yes,crab
Does it have a tail?,No,crab
Does it have hair?,No,crab
Does it produce milk?,No,crab
Is it a predator?,Yes,crab
Does it have legs?,Yes,crab
Does it lay eggs?,Yes,crab
Does it have fins?,No,crab
Does it have feathers?,No,crayfish
Is it toothed?,No,crayfish
Is it venomous?,No,crayfish
Does it have a backbone?,No,crayfish
catsize,No,crayfish
Does it breathe?,No,crayfish
Is it airborne?,No,crayfish
Is it domestic?,No,crayfish
type,Yes,crayfish
Is it aquatic?,Yes,crayfish
Does it have a tail?,No,crayfish
Does it have hair?,No,crayfish
Does it produce milk?,No,crayfish
Is it a predator?,Yes,crayfish
Does it have legs?,Yes,crayfish
Does it lay eggs?,Yes,crayfish
Does it have fins?,No,crayfish
Does it have feathers?,Yes,crow
Is it toothed?,No,crow
Is it venomous?,No,crow
Does it have a backbone?,Yes,crow
catsize,No,crow
Does it breathe?,Yes,crow
Is it airborne?,Yes,crow
Is it domestic?,No,crow
type,Yes,crow
Is it aquatic?,No,crow
Does it have a tail?,Yes,crow
Does it have hair?,No,crow
Does it produce milk?,No,crow
Is it a predator?,Yes,crow
Does it have legs?,Yes,crow
Does it lay eggs?,Yes,crow
Does it have fins?,No,crow
Does it have feathers?,No,deer
Is it toothed?,Yes,deer
Is it venomous?,No,deer
Does it have a backbone?,Yes,deer
catsize,Yes,deer
Does it breathe?,Yes,deer
Is it airborne?,No,deer
Is it domestic?,No,deer
type,Yes,deer
Is it aquatic?,No,deer
Does it have a tail?,Yes,deer
Does it have hair?,Yes,deer
Does it produce milk?,Yes,deer
Is it a predator?,No,deer
Does it have legs?,Yes,deer
Does it lay eggs?,No,deer
Does it have fins?,No,deer
Does it have feathers?,No,dogfish
Is it toothed?,Yes,dogfish
Is it venomous?,No,dogfish
Does it have a backbone?,Yes,dogfish
catsize,Yes,dogfish
Does it breathe?,No,dogfish
Is it airborne?,No,dogfish
Is it domestic?,No,dogfish
type,Yes,dogfish
Is it aquatic?,Yes,dogfish
Does it have a tail?,Yes,dogfish
Does it have hair?,No,dogfish
Does it produce milk?,No,dogfish
Is it a predator?,Yes,dogfish
Does it have legs?,No,dogfish
Does it lay eggs?,Yes,dogfish
Does it have fins?,Yes,dogfish
Does it have feathers?,No,dolphin
Is it toothed?,Yes,dolphin
Is it venomous?,No,dolphin
Does it have a backbone?,Yes,dolphin
catsize,Yes,dolphin
Does it breathe?,Yes,dolphin
Is it airborne?,No,dolphin
Is it domestic?,No,dolphin
type,Yes,dolphin
Is it aquatic?,Yes,dolphin
Does it have a tail?,Yes,dolphin
Does it have hair?,No,dolphin
Does it produce milk?,Yes,dolphin
Is it a predator?,Yes,dolphin
Does it have legs?,No,dolphin
Does it lay eggs?,No,dolphin
Does it have fins?,Yes,dolphin
Does it have feathers?,Yes,dove
Is it toothed?,No,dove
Is it venomous?,No,dove
Does it have a backbone?,Yes,dove
catsize,No,dove
Does it breathe?,Yes,dove
Is it airborne?,Yes,dove
Is it domestic?,Yes,dove
type,Yes,dove
Is it aquatic?,No,dove
Does it have a tail?,Yes,dove
Does it have hair?,No,dove
Does it produce milk?,No,dove
Is it a predator?,No,dove
Does it have legs?,Yes,dove
Does it lay eggs?,Yes,dove
Does it have fins?,No,dove
Does it have feathers?,Yes,duck
Is it toothed?,No,duck
Is it venomous?,No,duck
Does it have a backbone?,Yes,duck
catsize,No,duck
Does it breathe?,Yes,duck
Is it airborne?,Yes,duck
Is it domestic?,No,duck
type,Yes,duck
Is it aquatic?,Yes,duck
Does it have a tail?,Yes,duck
Does it have hair?,No,duck
Does it produce milk?,No,duck
Is it a predator?,No,duck
Does it have legs?,Yes,duck
Does it lay eggs?,Yes,duck
Does it have fins?,No,duck
Does it have feathers?,No,elephant
Is it toothed?,Yes,elephant
Is it venomous?,No,elephant
Does it have a backbone?,Yes,elephant
catsize,Yes,elephant
Does it breathe?,Yes,elephant
Is it airborne?,No,elephant
Is it domestic?,No,elephant
type,Yes,elephant
Is it aquatic?,No,elephant
Does it have a tail?,Yes,elephant
Does it have hair?,Yes,elephant
Does it produce milk?,Yes,elephant
Is it a predator?,No,elephant
Does it have legs?,Yes,elephant
Does it lay eggs?,No,elephant
Does it have fins?,No,elephant
Does it have feathers?,Yes,flamingo
Is it toothed?,No,flamingo
Is it venomous?,No,flamingo
Does it have a backbone?,Yes,flamingo
catsize,Yes,flamingo
Does it breathe?,Yes,flamingo
Is it airborne?,Yes,flamingo
Is it domestic?,No,flamingo
type,Yes,flamingo
Is it aquatic?,No,flamingo
Does it have a tail?,Yes,flamingo
Does it have hair?,No,flamingo
Does it produce milk?,No,flamingo
Is it a predator?,No,flamingo
Does it have legs?,Yes,flamingo
Does it lay eggs?,Yes,flamingo
Does it have fins?,No,flamingo
Does it have feathers?,No,flea
Is it toothed?,No,flea
Is it venomous?,No,flea
Does it have a backbone?,No,flea
catsize,No,flea
Does it breathe?,Yes,flea
Is it airborne?,No,flea
Is it domestic?,No,flea
type,Yes,flea
Is it aquatic?,No,flea
Does it have a tail?,No,flea
Does it have hair?,No,flea
Does it produce milk?,No,flea
Is it a predator?,No,flea
Does it have legs?,Yes,flea
Does it lay eggs?,Yes,flea
Does it have fins?,No,flea
Does it have feathers?,No,frog
Is it toothed?,Yes,frog
Is it venomous?,No,frog
Does it have a backbone?,Yes,frog
catsize,No,frog
Does it breathe?,Yes,frog
Is it airborne?,No,frog
Is it domestic?,No,frog
type,Yes,frog
Is it aquatic?,Yes,frog
Does it have a tail?,No,frog
Does it have hair?,No,frog
Does it produce milk?,No,frog
Is it a predator?,Yes,frog
Does it have legs?,Yes,frog
Does it lay eggs?,Yes,frog
Does it have fins?,No,frog
Does it have feathers?,No,frog
Is it toothed?,Yes,frog
Is it venomous?,Yes,frog
Does it have a backbone?,Yes,frog
catsize,No,frog
Does it breathe?,Yes,frog
Is it airborne?,No,frog
Is it domestic?,No,frog
type,Yes,frog
Is it aquatic?,Yes,frog
Does it have a tail?,No,frog
Does it have hair?,No,frog
Does it produce milk?,No,frog
Is it a predator?,Yes,frog
Does it have legs?,Yes,frog
Does it lay eggs?,Yes,frog
Does it have fins?,No,frog
Does it have feathers?,No,fruitbat
Is it toothed?,Yes,fruitbat
Is it venomous?,No,fruitbat
Does it have a backbone?,Yes,fruitbat
catsize,No,fruitbat
Does it breathe?,Yes,fruitbat
Is it airborne?,Yes,fruitbat
Is it domestic?,No,fruitbat
type,Yes,fruitbat
Is it aquatic?,No,fruitbat
Does it have a tail?,Yes,fruitbat
Does it have hair?,Yes,fruitbat
Does it produce milk?,Yes,fruitbat
Is it a predator?,No,fruitbat
Does it have legs?,Yes,fruitbat
Does it lay eggs?,No,fruitbat
Does it have fins?,No,fruitbat
Does it have feathers?,No,giraffe
Is it toothed?,Yes,giraffe
Is it venomous?,No,giraffe
Does it have a backbone?,Yes,giraffe
catsize,Yes,giraffe
Does it breathe?,Yes,giraffe
Is it airborne?,No,giraffe
Is it domestic?,No,giraffe
type,Yes,giraffe
Is it aquatic?,No,giraffe
Does it have a tail?,Yes,giraffe
Does it have hair?,Yes,giraffe
Does it produce milk?,Yes,giraffe
Is it a predator?,No,giraffe
Does it have legs?,Yes,giraffe
Does it lay eggs?,No,giraffe
Does it have fins?,No,giraffe
Does it have feathers?,No,girl
Is it toothed?,Yes,girl
Is it venomous?,No,girl
Does it have a backbone?,Yes,girl
catsize,Yes,girl
Does it breathe?,Yes,girl
Is it airborne?,No,girl
Is it domestic?,Yes,girl
type,Yes,girl
Is it aquatic?,No,girl
Does it have a tail?,No,girl
Does it have hair?,Yes,girl
Does it produce milk?,Yes,girl
Is it a predator?,Yes,girl
Does it have legs?,Yes,girl
Does it lay eggs?,No,girl
Does it have fins?,No,girl
Does it have feathers?,No,gnat
Is it toothed?,No,gnat
Is it venomous?,No,gnat
Does it have a backbone?,No,gnat
catsize,No,gnat
Does it breathe?,Yes,gnat
Is it airborne?,Yes,gnat
Is it domestic?,No,gnat
type,Yes,gnat
Is it aquatic?,No,gnat
Does it have a tail?,No,gnat
Does it have hair?,No,gnat
Does it produce milk?,No,gnat
Is it a predator?,No,gnat
Does it have legs?,Yes,gnat
Does it lay eggs?,Yes,gnat
Does it have fins?,No,gnat
Does it have feathers?,No,goat
Is it toothed?,Yes,goat
Is it venomous?,No,goat
Does it have a backbone?,Yes,goat
catsize,Yes,goat
Does it breathe?,Yes,goat
Is it airborne?,No,goat
Is it domestic?,Yes,goat
type,Yes,goat
Is it aquatic?,No,goat
Does it have a tail?,Yes,goat
Does it have hair?,Yes,goat
Does it produce milk?,Yes,goat
Is it a predator?,No,goat
Does it have legs?,Yes,goat
Does it lay eggs?,No,goat
Does it have fins?,No,goat
Does it have feathers?,No,gorilla
Is it toothed?,Yes,gorilla
Is it venomous?,No,gorilla
Does it have a backbone?,Yes,gorilla
catsize,Yes,gorilla
Does it breathe?,Yes,gorilla
Is it airborne?,No,gorilla
Is it domestic?,No,gorilla
type,Yes,gorilla
Is it aquatic?,No,gorilla
Does it have a tail?,No,gorilla
Does it have hair?,Yes,gorilla
Does it produce milk?,Yes,gorilla
Is it a predator?,No,gorilla
Does it have legs?,Yes,gorilla
Does it lay eggs?,No,gorilla
Does it have fins?,No,gorilla
Does it have feathers?,Yes,gull
Is it toothed?,No,gull
Is it venomous?,No,gull
Does it have a backbone?,Yes,gull
catsize,No,gull
Does it breathe?,Yes,gull
Is it airborne?,Yes,gull
Is it domestic?,No,gull
type,Yes,gull
Is it aquatic?,Yes,gull
Does it have a tail?,Yes,gull
Does it have hair?,No,gull
Does it produce milk?,No,gull
Is it a predator?,Yes,gull
Does it have legs?,Yes,gull
Does it lay eggs?,Yes,gull
Does it have fins?,No,gull
Does it have feathers?,No,haddock
Is it toothed?,Yes,haddock
Is it venomous?,No,haddock
Does it have a backbone?,Yes,haddock
catsize,No,haddock
Does it breathe?,No,haddock
Is it airborne?,No,haddock
Is it domestic?,No,haddock
type,Yes,haddock
Is it aquatic?,Yes,haddock
Does it have a tail?,Yes,haddock
Does it have hair?,No,haddock
Does it produce milk?,No,haddock
Is it a predator?,No,haddock
Does it have legs?,No,haddock
Does it lay eggs?,Yes,haddock
Does it have fins?,Yes,haddock
Does it have feathers?,No,hamster
Is it toothed?,Yes,hamster
Is it venomous?,No,hamster
Does it have a backbone?,Yes,hamster
catsize,No,hamster
Does it breathe?,Yes,hamster
Is it airborne?,No,hamster
Is it domestic?,Yes,hamster
type,Yes,hamster
Is it aquatic?,No,hamster
Does it have a tail?,Yes,hamster
Does it have hair?,Yes,hamster
Does it produce milk?,Yes,hamster
Is it a predator?,No,hamster
Does it have legs?,Yes,hamster
Does it lay eggs?,No,hamster
Does it have fins?,No,hamster
Does it have feathers?,No,hare
Is it toothed?,Yes,hare
Is it venomous?,No,hare
Does it have a backbone?,Yes,hare
catsize,No,hare
Does it breathe?,Yes,hare
Is it airborne?,No,hare
Is it domestic?,No,hare
type,Yes,hare
Is it aquatic?,No,hare
Does it have a tail?,Yes,hare
Does it have hair?,Yes,hare
Does it produce milk?,Yes,hare
Is it a predator?,No,hare
Does it have legs?,Yes,hare
Does it lay eggs?,No,hare
Does it have fins?,No,hare
Does it have feathers?,Yes,hawk
Is it toothed?,No,hawk
Is it venomous?,No,hawk
Does it have a backbone?,Yes,hawk
catsize,No,hawk
Does it breathe?,Yes,hawk
Is it airborne?,Yes,hawk
Is it domestic?,No,hawk
type,Yes,hawk
Is it aquatic?,No,hawk
Does it have a tail?,Yes,hawk
Does it have hair?,No,hawk
Does it produce milk?,No,hawk
Is it a predator?,Yes,hawk
Does it have legs?,Yes,hawk
Does it lay eggs?,Yes,hawk
Does it have fins?,No,hawk
Does it have feathers?,No,herring
Is it toothed?,Yes,herring
Is it venomous?,No,herring
Does it have a backbone?,Yes,herring
catsize,No,herring
Does it breathe?,No,herring
Is it airborne?,No,herring
Is it domestic?,No,herring
type,Yes,herring
Is it aquatic?,Yes,herring
Does it have a tail?,Yes,herring
Does it have hair?,No,herring
Does it produce milk?,No,herring
Is it a predator?,Yes,herring
Does it have legs?,No,herring
Does it lay eggs?,Yes,herring
Does it have fins?,Yes,herring
Does it have feathers?,No,honeybee
Is it toothed?,No,honeybee
Is it venomous?,Yes,honeybee
Does it have a backbone?,No,honeybee
catsize,No,honeybee
Does it breathe?,Yes,honeybee
Is it airborne?,Yes,honeybee
Is it domestic?,Yes,honeybee
type,Yes,honeybee
Is it aquatic?,No,honeybee
Does it have a tail?,No,honeybee
Does it have hair?,Yes,honeybee
Does it produce milk?,No,honeybee
Is it a predator?,No,honeybee
Does it have legs?,Yes,honeybee
Does it lay eggs?,Yes,honeybee
Does it have fins?,No,honeybee
Does it have feathers?,No,housefly
Is it toothed?,No,housefly
Is it venomous?,No,housefly
Does it have a backbone?,No,housefly
catsize,No,housefly
Does it breathe?,Yes,housefly
Is it airborne?,Yes,housefly
Is it domestic?,No,housefly
type,Yes,housefly
Is it aquatic?,No,housefly
Does it have a tail?,No,housefly
Does it have hair?,Yes,housefly
Does it produce milk?,No,housefly
Is it a predator?,No,housefly
Does it have legs?,Yes,housefly
Does it lay eggs?,Yes,housefly
Does it have fins?,No,housefly
Does it have feathers?,Yes,kiwi
Is it toothed?,No,kiwi
Is it venomous?,No,kiwi
Does it have a backbone?,Yes,kiwi
catsize,No,kiwi
Does it breathe?,Yes,kiwi
Is it airborne?,No,kiwi
Is it domestic?,No,kiwi
type,Yes,kiwi
Is it aquatic?,No,kiwi
Does it have a tail?,Yes,kiwi
Does it have hair?,No,kiwi
Does it produce milk?,No,kiwi
Is it a predator?,Yes,kiwi
Does it have legs?,Yes,kiwi
Does it lay eggs?,Yes,kiwi
Does it have fins?,No,kiwi
Does it have feathers?,No,ladybird
Is it toothed?,No,ladybird
Is it venomous?,No,ladybird
Does it have a backbone?,No,ladybird
catsize,No,ladybird
Does it breathe?,Yes,ladybird
Is it airborne?,Yes,ladybird
Is it domestic?,No,ladybird
type,Yes,ladybird
Is it aquatic?,No,ladybird
Does it have a tail?,No,ladybird
Does it have hair?,No,ladybird
Does it produce milk?,No,ladybird
Is it a predator?,Yes,ladybird
Does it have legs?,Yes,ladybird
Does it lay eggs?,Yes,ladybird
Does it have fins?,No,ladybird
Does it have feathers?,Yes,lark
Is it toothed?,No,lark
Is it venomous?,No,lark
Does it have a backbone?,Yes,lark
catsize,No,lark
Does it breathe?,Yes,lark
Is it airborne?,Yes,lark
Is it domestic?,No,lark
type,Yes,lark
Is it aquatic?,No,lark
Does it have a tail?,Yes,lark
Does it have hair?,No,lark
Does it produce milk?,No,lark
Is it a predator?,No,lark
Does it have legs?,Yes,lark
Does it lay eggs?,Yes,lark
Does it have fins?,No,lark
Does it have feathers?,No,leopard
Is it toothed?,Yes,leopard
Is it venomous?,No,leopard
Does it have a backbone?,Yes,leopard
catsize,Yes,leopard
Does it breathe?,Yes,leopard
Is it airborne?,No,leopard
Is it domestic?,No,leopard
type,Yes,leopard
Is it aquatic?,No,leopard
Does it have a tail?,Yes,leopard
Does it have hair?,Yes,leopard
Does it produce milk?,Yes,leopard
Is it a predator?,Yes,leopard
Does it have legs?,Yes,leopard
Does it lay eggs?,No,leopard
Does it have fins?,No,leopard
Does it have feathers?,No,lion
Is it toothed?,Yes,lion
Is it venomous?,No,lion
Does it have a backbone?,Yes,lion
catsize,Yes,lion
Does it breathe?,Yes,lion
Is it airborne?,No,lion
Is it domestic?,No,lion
type,Yes,lion
Is it aquatic?,No,lion
Does it have a tail?,Yes,lion
Does it have hair?,Yes,lion
Does it produce milk?,Yes,lion
Is it a predator?,Yes,lion
Does it have legs?,Yes,lion
Does it lay eggs?,No,lion
Does it have fins?,No,lion
Does it have feathers?,No,lobster
Is it toothed?,No,lobster
Is it venomous?,No,lobster
Does it have a backbone?,No,lobster
catsize,No,lobster
Does it breathe?,No,lobster
Is it airborne?,No,lobster
Is it domestic?,No,lobster
type,Yes,lobster
Is it aquatic?,Yes,lobster
Does it have a tail?,No,lobster
Does it have hair?,No,lobster
Does it produce milk?,No,lobster
Is it a predator?,Yes,lobster
Does it have legs?,Yes,lobster
Does it lay eggs?,Yes,lobster
Does it have fins?,No,lobster
Does it have feathers?,No,lynx
Is it toothed?,Yes,lynx
Is it venomous?,No,lynx
Does it have a backbone?,Yes,lynx
catsize,Yes,lynx
Does it breathe?,Yes,lynx
Is it airborne?,No,lynx
Is it domestic?,No,lynx
type,Yes,lynx
Is it aquatic?,No,lynx
Does it have a tail?,Yes,lynx
Does it have hair?,Yes,lynx
Does it produce milk?,Yes,lynx
Is it a predator?,Yes,lynx
Does it have legs?,Yes,lynx
Does it lay eggs?,No,lynx
Does it have fins?,No,lynx
Does it have feathers?,No,mink
Is it toothed?,Yes,mink
Is it venomous?,No,mink
Does it have a backbone?,Yes,mink
catsize,Yes,mink
Does it breathe?,Yes,mink
Is it airborne?,No,mink
Is it domestic?,No,mink
type,Yes,mink
Is it aquatic?,Yes,mink
Does it have a tail?,Yes,mink
Does it have hair?,Yes,mink
Does it produce milk?,Yes,mink
Is it a predator?,Yes,mink
Does it have legs?,Yes,mink
Does it lay eggs?,No,mink
Does it have fins?,No,mink
Does it have feathers?,No,mole
Is it toothed?,Yes,mole
Is it venomous?,No,mole
Does it have a backbone?,Yes,mole
catsize,No,mole
Does it breathe?,Yes,mole
Is it airborne?,No,mole
Is it domestic?,No,mole
type,Yes,mole
Is it aquatic?,No,mole
Does it have a tail?,Yes,mole
Does it have hair?,Yes,mole
Does it produce milk?,Yes,mole
Is it a predator?,Yes,mole
Does it have legs?,Yes,mole
Does it lay eggs?,No,mole
Does it have fins?,No,mole
Does it have feathers?,No,mongoose
Is it toothed?,Yes,mongoose
Is it venomous?,No,mongoose
Does it have a backbone?,Yes,mongoose
catsize,Yes,mongoose
Does it breathe?,Yes,mongoose
Is it airborne?,No,mongoose
Is it domestic?,No,mongoose
type,Yes,mongoose
Is it aquatic?,No,mongoose
Does it have a tail?,Yes,mongoose
Does it have hair?,Yes,mongoose
Does it produce milk?,Yes,mongoose
Is it a predator?,Yes,mongoose
Does it have legs?,Yes,mongoose
Does it lay eggs?,No,mongoose
Does it have fins?,No,mongoose
Does it have feathers?,No,moth
Is it toothed?,No,moth
Is it venomous?,No,moth
Does it have a backbone?,No,moth
catsize,No,moth
Does it breathe?,Yes,moth
Is it airborne?,Yes,moth
Is it domestic?,No,moth
type,Yes,moth
Is it aquatic?,No,moth
Does it have a tail?,No,moth
Does it have hair?,Yes,moth
Does it produce milk?,No,moth
Is it a predator?,No,moth
Does it have legs?,Yes,moth
Does it lay eggs?,Yes,moth
Does it have fins?,No,moth
Does it have feathers?,No,newt
Is it toothed?,Yes,newt
Is it venomous?,No,newt
Does it have a backbone?,Yes,newt
catsize,No,newt
Does it breathe?,Yes,newt
Is it airborne?,No,newt
Is it domestic?,No,newt
type,Yes,newt
Is it aquatic?,Yes,newt
Does it have a tail?,Yes,newt
Does it have hair?,No,newt
Does it produce milk?,No,newt
Is it a predator?,Yes,newt
Does it have legs?,Yes,newt
Does it lay eggs?,Yes,newt
Does it have fins?,No,newt
Does it have feathers?,No,octopus
Is it toothed?,No,octopus
Is it venomous?,No,octopus
Does it have a backbone?,No,octopus
catsize,Yes,octopus
Does it breathe?,No,octopus
Is it airborne?,No,octopus
Is it domestic?,No,octopus
type,Yes,octopus
Is it aquatic?,Yes,octopus
Does it have a tail?,No,octopus
Does it have hair?,No,octopus
Does it produce milk?,No,octopus
Is it a predator?,Yes,octopus
Does it have legs?,Yes,octopus
Does it lay eggs?,Yes,octopus
Does it have fins?,No,octopus
Does it have feathers?,No,opossum
Is it toothed?,Yes,opossum
Is it venomous?,No,opossum
Does it have a backbone?,Yes,opossum
catsize,No,opossum
Does it breathe?,Yes,opossum
Is it airborne?,No,opossum
Is it domestic?,No,opossum
type,Yes,opossum
Is it aquatic?,No,opossum
Does it have a tail?,Yes,opossum
Does it have hair?,Yes,opossum
Does it produce milk?,Yes,opossum
Is it a predator?,Yes,opossum
Does it have legs?,Yes,opossum
Does it lay eggs?,No,opossum
Does it have fins?,No,opossum
Does it have feathers?,No,oryx
Is it toothed?,Yes,oryx
Is it venomous?,No,oryx
Does it have a backbone?,Yes,oryx
catsize,Yes,oryx
Does it breathe?,Yes,oryx
Is it airborne?,No,oryx
Is it domestic?,No,oryx
type,Yes,oryx
Is it aquatic?,No,oryx
Does it have a tail?,Yes,oryx
Does it have hair?,Yes,oryx
Does it produce milk?,Yes,oryx
Is it a predator?,No,oryx
Does it have legs?,Yes,oryx
Does it lay eggs?,No,oryx
Does it have fins?,No,oryx
Does it have feathers?,Yes,ostrich
Is it toothed?,No,ostrich
Is it venomous?,No,ostrich
Does it have a backbone?,Yes,ostrich
catsize,Yes,ostrich
Does it breathe?,Yes,ostrich
Is it airborne?,No,ostrich
Is it domestic?,No,ostrich
type,Yes,ostrich
Is it aquatic?,No,ostrich
Does it have a tail?,Yes,ostrich
Does it have hair?,No,ostrich
Does it produce milk?,No,ostrich
Is it a predator?,No,ostrich
Does it have legs?,Yes,ostrich
Does it lay eggs?,Yes,ostrich
Does it have fins?,No,ostrich
Does it have feathers?,Yes,parakeet
Is it toothed?,No,parakeet
Is it venomous?,No,parakeet
Does it have a backbone?,Yes,parakeet
catsize,No,parakeet
Does it breathe?,Yes,parakeet
Is it airborne?,Yes,parakeet
Is it domestic?,Yes,parakeet
type,Yes,parakeet
Is it aquatic?,No,parakeet
Does it have a tail?,Yes,parakeet
Does it have hair?,No,parakeet
Does it produce milk?,No,parakeet
Is it a predator?,No,parakeet
Does it have legs?,Yes,parakeet
Does it lay eggs?,Yes,parakeet
Does it have fins?,No,parakeet
Does it have feathers?,Yes,penguin
Is it toothed?,No,penguin
Is it venomous?,No,penguin
Does it have a backbone?,Yes,penguin
catsize,Yes,penguin
Does it breathe?,Yes,penguin
Is it airborne?,No,penguin
Is it domestic?,No,penguin
type,Yes,penguin
Is it aquatic?,Yes,penguin
Does it have a tail?,Yes,penguin
Does it have hair?,No,penguin
Does it produce milk?,No,penguin
Is it a predator?,Yes,penguin
Does it have legs?,Yes,penguin
Does it lay eggs?,Yes,penguin
Does it have fins?,No,penguin
Does it have feathers?,Yes,pheasant
Is it toothed?,No,pheasant
Is it venomous?,No,pheasant
Does it have a backbone?,Yes,pheasant
catsize,No,pheasant
Does it breathe?,Yes,pheasant
Is it airborne?,Yes,pheasant
Is it domestic?,No,pheasant
type,Yes,pheasant
Is it aquatic?,No,pheasant
Does it have a tail?,Yes,pheasant
Does it have hair?,No,pheasant
Does it produce milk?,No,pheasant
Is it a predator?,No,pheasant
Does it have legs?,Yes,pheasant
Does it lay eggs?,Yes,pheasant
Does it have fins?,No,pheasant
Does it have feathers?,No,pike
Is it toothed?,Yes,pike
Is it venomous?,No,pike
Does it have a backbone?,Yes,pike
catsize,Yes,pike
Does it breathe?,No,pike
Is it airborne?,No,pike
Is it domestic?,No,pike
type,Yes,pike
Is it aquatic?,Yes,pike
Does it have a tail?,Yes,pike
Does it have hair?,No,pike
Does it produce milk?,No,pike
Is it a predator?,Yes,pike
Does it have legs?,No,pike
Does it lay eggs?,Yes,pike
Does it have fins?,Yes,pike
Does it have feathers?,No,piranha
Is it toothed?,Yes,piranha
Is it venomous?,No,piranha
Does it have a backbone?,Yes,piranha
catsize,No,piranha
Does it breathe?,No,piranha
Is it airborne?,No,piranha
Is it domestic?,No,piranha
type,Yes,piranha
Is it aquatic?,Yes,piranha
Does it have a tail?,Yes,piranha
Does it have hair?,No,piranha
Does it produce milk?,No,piranha
Is it a predator?,Yes,piranha
Does it have legs?,No,piranha
Does it lay eggs?,Yes,piranha
Does it have fins?,Yes,piranha
Does it have feathers?,No,pitviper
Is it toothed?,Yes,pitviper
Is it venomous?,Yes,pitviper
Does it have a backbone?,Yes,pitviper
catsize,No,pitviper
Does it breathe?,Yes,pitviper
Is it airborne?,No,pitviper
Is it domestic?,No,pitviper
type,Yes,pitviper
Is it aquatic?,No,pitviper
Does it have a tail?,Yes,pitviper
Does it have hair?,No,pitviper
Does it produce milk?,No,pitviper
Is it a predator?,Yes,pitviper
Does it have legs?,No,pitviper
Does it lay eggs?,Yes,pitviper
Does it have fins?,No,pitviper
Does it have feathers?,No,platypus
Is it toothed?,No,platypus
Is it venomous?,No,platypus
Does it have a backbone?,Yes,platypus
catsize,Yes,platypus
Does it breathe?,Yes,platypus
Is it airborne?,No,platypus
Is it domestic?,No,platypus
type,Yes,platypus
Is it aquatic?,Yes,platypus
Does it have a tail?,Yes,platypus
Does it have hair?,Yes,platypus
Does it produce milk?,Yes,platypus
Is it a predator?,Yes,platypus
Does it have legs?,Yes,platypus
Does it lay eggs?,Yes,platypus
Does it have fins?,No,platypus
Does it have feathers?,No,polecat
Is it toothed?,Yes,polecat
Is it venomous?,No,polecat
Does it have a backbone?,Yes,polecat
catsize,Yes,polecat
Does it breathe?,Yes,polecat
Is it airborne?,No,polecat
Is it domestic?,No,polecat
type,Yes,polecat
Is it aquatic?,No,polecat
Does it have a tail?,Yes,polecat
Does it have hair?,Yes,polecat
Does it produce milk?,Yes,polecat
Is it a predator?,Yes,polecat
Does it have legs?,Yes,polecat
Does it lay eggs?,No,polecat
Does it have fins?,No,polecat
Does it have feathers?,No,pony
Is it toothed?,Yes,pony
Is it venomous?,No,pony
Does it have a backbone?,Yes,pony
catsize,Yes,pony
Does it breathe?,Yes,pony
Is it airborne?,No,pony
Is it domestic?,Yes,pony
type,Yes,pony
Is it aquatic?,No,pony
Does it have a tail?,Yes,pony
Does it have hair?,Yes,pony
Does it produce milk?,Yes,pony
Is it a predator?,No,pony
Does it have legs?,Yes,pony
Does it lay eggs?,No,pony
Does it have fins?,No,pony
Does it have feathers?,No,porpoise
Is it toothed?,Yes,porpoise
Is it venomous?,No,porpoise
Does it have a backbone?,Yes,porpoise
catsize,Yes,porpoise
Does it breathe?,Yes,porpoise
Is it airborne?,No,porpoise
Is it domestic?,No,porpoise
type,Yes,porpoise
Is it aquatic?,Yes,porpoise
Does it have a tail?,Yes,porpoise
Does it have hair?,No,porpoise
Does it produce milk?,Yes,porpoise
Is it a predator?,Yes,porpoise
Does it have legs?,No,porpoise
Does it lay eggs?,No,porpoise
Does it have fins?,Yes,porpoise
Does it have feathers?,No,puma
Is it toothed?,Yes,puma
Is it venomous?,No,puma
Does it have a backbone?,Yes,puma
catsize,Yes,puma
Does it breathe?,Yes,puma
Is it airborne?,No,puma
Is it domestic?,No,puma
type,Yes,puma
Is it aquatic?,No,puma
Does it have a tail?,Yes,puma
Does it have hair?,Yes,puma
Does it produce milk?,Yes,puma
Is it a predator?,Yes,puma
Does it have legs?,Yes,puma
Does it lay eggs?,No,puma
Does it have fins?,No,puma
Does it have feathers?,No,pussycat
Is it toothed?,Yes,pussycat
Is it venomous?,No,pussycat
Does it have a backbone?,Yes,pussycat
catsize,Yes,pussycat
Does it breathe?,Yes,pussycat
Is it airborne?,No,pussycat
Is it domestic?,Yes,pussycat
type,Yes,pussycat
Is it aquatic?,No,pussycat
Does it have a tail?,Yes,pussycat
Does it have hair?,Yes,pussycat
Does it produce milk?,Yes,pussycat
Is it a predator?,Yes,pussycat
Does it have legs?,Yes,pussycat
Does it lay eggs?,No,pussycat
Does it have fins?,No,pussycat
Does it have feathers?,No,raccoon
Is it toothed?,Yes,raccoon
Is it venomous?,No,raccoon
Does it have a backbone?,Yes,raccoon
catsize,Yes,raccoon
Does it breathe?,Yes,raccoon
Is it airborne?,No,raccoon
Is it domestic?,No,raccoon
type,Yes,raccoon
Is it aquatic?,No,raccoon
Does it have a tail?,Yes,raccoon
Does it have hair?,Yes,raccoon
Does it produce milk?,Yes,raccoon
Is it a predator?,Yes,raccoon
Does it have legs?,Yes,raccoon
Does it lay eggs?,No,raccoon
Does it have fins?,No,raccoon
Does it have feathers?,No,reindeer
Is it toothed?,Yes,reindeer
Is it venomous?,No,reindeer
Does it have a backbone?,Yes,reindeer
catsize,Yes,reindeer
Does it breathe?,Yes,reindeer
Is it airborne?,No,reindeer
Is it domestic?,Yes,reindeer
type,Yes,reindeer
Is it aquatic?,No,reindeer
Does it have a tail?,Yes,reindeer
Does it have hair?,Yes,reindeer
Does it produce milk?,Yes,reindeer
Is it a predator?,No,reindeer
Does it have legs?,Yes,reindeer
Does it lay eggs?,No,reindeer
Does it have fins?,No,reindeer
Does it have feathers?,Yes,rhea
Is it toothed?,No,rhea
Is it venomous?,No,rhea
Does it have a backbone?,Yes,rhea
catsize,Yes,rhea
Does it breathe?,Yes,rhea
Is it airborne?,No,rhea
Is it domestic?,No,rhea
type,Yes,rhea
Is it aquatic?,No,rhea
Does it have a tail?,Yes,rhea
Does it have hair?,No,rhea
Does it produce milk?,No,rhea
Is it a predator?,Yes,rhea
Does it have legs?,Yes,rhea
Does it lay eggs?,Yes,rhea
Does it have fins?,No,rhea
Does it have feathers?,No,scorpion
Is it toothed?,No,scorpion
Is it venomous?,Yes,scorpion
Does it have a backbone?,No,scorpion
catsize,No,scorpion
Does it breathe?,Yes,scorpion
Is it airborne?,No,scorpion
Is it domestic?,No,scorpion
type,Yes,scorpion
Is it aquatic?,No,scorpion
Does it have a tail?,Yes,scorpion
Does it have hair?,No,scorpion
Does it produce milk?,No,scorpion
Is it a predator?,Yes,scorpion
Does it have legs?,Yes,scorpion
Does it lay eggs?,No,scorpion
Does it have fins?,No,scorpion
Does it have feathers?,No,seahorse
Is it toothed?,Yes,seahorse
Is it venomous?,No,seahorse
Does it have a backbone?,Yes,seahorse
catsize,No,seahorse
Does it breathe?,No,seahorse
Is it airborne?,No,seahorse
Is it domestic?,No,seahorse
type,Yes,seahorse
Is it aquatic?,Yes,seahorse
Does it have a tail?,Yes,seahorse
Does it have hair?,No,seahorse
Does it produce milk?,No,seahorse
Is it a predator?,No,seahorse
Does it have legs?,No,seahorse
Does it lay eggs?,Yes,seahorse
Does it have fins?,Yes,seahorse
Does it have feathers?,No,seal
Is it toothed?,Yes,seal
Is it venomous?,No,seal
Does it have a backbone?,Yes,seal
catsize,Yes,seal
Does it breathe?,Yes,seal
Is it airborne?,No,seal
Is it domestic?,No,seal
type,Yes,seal
Is it aquatic?,Yes,seal
Does it have a tail?,No,seal
Does it have hair?,Yes,seal
Does it produce milk?,Yes,seal
Is it a predator?,Yes,seal
Does it have legs?,No,seal
Does it lay eggs?,No,seal
Does it have fins?,Yes,seal
Does it have feathers?,No,sealion
Is it toothed?,Yes,sealion
Is it venomous?,No,sealion
Does it have a backbone?,Yes,sealion
catsize,Yes,sealion
Does it breathe?,Yes,sealion
Is it airborne?,No,sealion
Is it domestic?,No,sealion
type,Yes,sealion
Is it aquatic?,Yes,sealion
Does it have a tail?,Yes,sealion
Does it have hair?,Yes,sealion
Does it produce milk?,Yes,sealion
Is it a predator?,Yes,sealion
Does it have legs?,Yes,sealion
Does it lay eggs?,No,sealion
Does it have fins?,Yes,sealion
Does it have feathers?,No,seasnake
Is it toothed?,Yes,seasnake
Is it venomous?,Yes,seasnake
Does it have a backbone?,Yes,seasnake
catsize,No,seasnake
Does it breathe?,No,seasnake
Is it airborne?,No,seasnake
Is it domestic?,No,seasnake
type,Yes,seasnake
Is it aquatic?,Yes,seasnake
Does it have a tail?,Yes,seasnake
Does it have hair?,No,seasnake
Does it produce milk?,No,seasnake
Is it a predator?,Yes,seasnake
Does it have legs?,No,seasnake
Does it lay eggs?,No,seasnake
Does it have fins?,No,seasnake
Does it have feathers?,No,seawasp
Is it toothed?,No,seawasp
Is it venomous?,Yes,seawasp
Does it have a backbone?,No,seawasp
catsize,No,seawasp
Does it breathe?,No,seawasp
Is it airborne?,No,seawasp
Is it domestic?,No,seawasp
type,Yes,seawasp
Is it aquatic?,Yes,seawasp
Does it have a tail?,No,seawasp
Does it have hair?,No,seawasp
Does it produce milk?,No,seawasp
Is it a predator?,Yes,seawasp
Does it have legs?,No,seawasp
Does it lay eggs?,Yes,seawasp
Does it have fins?,No,seawasp
Does it have feathers?,Yes,skimmer
Is it toothed?,No,skimmer
Is it venomous?,No,skimmer
Does it have a backbone?,Yes,skimmer
catsize,No,skimmer
Does it breathe?,Yes,skimmer
Is it airborne?,Yes,skimmer
Is it domestic?,No,skimmer
type,Yes,skimmer
Is it aquatic?,Yes,skimmer
Does it have a tail?,Yes,skimmer
Does it have hair?,No,skimmer
Does it produce milk?,No,skimmer
Is it a predator?,Yes,skimmer
Does it have legs?,Yes,skimmer
Does it lay eggs?,Yes,skimmer
Does it have fins?,No,skimmer
Does it have feathers?,Yes,skua
Is it toothed?,No,skua
Is it venomous?,No,skua
Does it have a backbone?,Yes,skua
catsize,No,skua
Does it breathe?,Yes,skua
Is it airborne?,Yes,skua
Is it domestic?,No,skua
type,Yes,skua
Is it aquatic?,Yes,skua
Does it have a tail?,Yes,skua
Does it have hair?,No,skua
Does it produce milk?,No,skua
Is it a predator?,Yes,skua
Does it have legs?,Yes,skua
Does it lay eggs?,Yes,skua
Does it have fins?,No,skua
Does it have feathers?,No,slowworm
Is it toothed?,Yes,slowworm
Is it venomous?,No,slowworm
Does it have a backbone?,Yes,slowworm
catsize,No,slowworm
Does it breathe?,Yes,slowworm
Is it airborne?,No,slowworm
Is it domestic?,No,slowworm
type,Yes,slowworm
Is it aquatic?,No,slowworm
Does it have a tail?,Yes,slowworm
Does it have hair?,No,slowworm
Does it produce milk?,No,slowworm
Is it a predator?,Yes,slowworm
Does it have legs?,No,slowworm
Does it lay eggs?,Yes,slowworm
Does it have fins?,No,slowworm
Does it have feathers?,No,slug
Is it toothed?,No,slug
Is it venomous?,No,slug
Does it have a backbone?,No,slug
catsize,No,slug
Does it breathe?,Yes,slug
Is it airborne?,No,slug
Is it domestic?,No,slug
type,Yes,slug
Is it aquatic?,No,slug
Does it have a tail?,No,slug
Does it have hair?,No,slug
Does it produce milk?,No,slug
Is it a predator?,No,slug
Does it have legs?,No,slug
Does it lay eggs?,Yes,slug
Does it have fins?,No,slug
Does it have feathers?,No,sole
Is it toothed?,Yes,sole
Is it venomous?,No,sole
Does it have a backbone?,Yes,sole
catsize,No,sole
Does it breathe?,No,sole
Is it airborne?,No,sole
Is it domestic?,No,sole
type,Yes,sole
Is it aquatic?,Yes,sole
Does it have a tail?,Yes,sole
Does it have hair?,No,sole
Does it produce milk?,No,sole
Is it a predator?,No,sole
Does it have legs?,No,sole
Does it lay eggs?,Yes,sole
Does it have fins?,Yes,sole
Does it have feathers?,Yes,sparrow
Is it toothed?,No,sparrow
Is it venomous?,No,sparrow
Does it have a backbone?,Yes,sparrow
catsize,No,sparrow
Does it breathe?,Yes,sparrow
Is it airborne?,Yes,sparrow
Is it domestic?,No,sparrow
type,Yes,sparrow
Is it aquatic?,No,sparrow
Does it have a tail?,Yes,sparrow
Does it have hair?,No,sparrow
Does it produce milk?,No,sparrow
Is it a predator?,No,sparrow
Does it have legs?,Yes,sparrow
Does it lay eggs?,Yes,sparrow
Does it have fins?,No,sparrow
Does it have feathers?,No,squirrel
Is it toothed?,Yes,squirrel
Is it venomous?,No,squirrel
Does it have a backbone?,Yes,squirrel
catsize,No,squirrel
Does it breathe?,Yes,squirrel
Is it airborne?,No,squirrel
Is it domestic?,No,squirrel
type,Yes,squirrel
Is it aquatic?,No,squirrel
Does it have a tail?,Yes,squirrel
Does it have hair?,Yes,squirrel
Does it produce milk?,Yes,squirrel
Is it a predator?,No,squirrel
Does it have legs?,Yes,squirrel
Does it lay eggs?,No,squirrel
Does it have fins?,No,squirrel
Does it have feathers?,No,starfish
Is it toothed?,No,starfish
Is it venomous?,No,starfish
Does it have a backbone?,No,starfish
catsize,No,starfish
Does it breathe?,No,starfish
Is it airborne?,No,starfish
Is it domestic?,No,starfish
type,Yes,starfish
Is it aquatic?,Yes,starfish
Does it have a tail?,No,starfish
Does it have hair?,No,starfish
Does it produce milk?,No,starfish
Is it a predator?,Yes,starfish
Does it have legs?,Yes,starfish
Does it lay eggs?,Yes,starfish
Does it have fins?,No,starfish
Does it have feathers?,No,stingray
Is it toothed?,Yes,stingray
Is it venomous?,Yes,stingray
Does it have a backbone?,Yes,stingray
catsize,Yes,stingray
Does it breathe?,No,stingray
Is it airborne?,No,stingray
Is it domestic?,No,stingray
type,Yes,stingray
Is it aquatic?,Yes,stingray
Does it have a tail?,Yes,stingray
Does it have hair?,No,stingray
Does it produce milk?,No,stingray
Is it a predator?,Yes,stingray
Does it have legs?,No,stingray
Does it lay eggs?,Yes,stingray
Does it have fins?,Yes,stingray
Does it have feathers?,Yes,swan
Is it toothed?,No,swan
Is it venomous?,No,swan
Does it have a backbone?,Yes,swan
catsize,Yes,swan
Does it breathe?,Yes,swan
Is it airborne?,Yes,swan
Is it domestic?,No,swan
type,Yes,swan
Is it aquatic?,Yes,swan
Does it have a tail?,Yes,swan
Does it have hair?,No,swan
Does it produce milk?,No,swan
Is it a predator?,No,swan
Does it have legs?,Yes,swan
Does it lay eggs?,Yes,swan
Does it have fins?,No,swan
Does it have feathers?,No,termite
Is it toothed?,No,termite
Is it venomous?,No,termite
Does it have a backbone?,No,termite
catsize,No,termite
Does it breathe?,Yes,termite
Is it airborne?,No,termite
Is it domestic?,No,termite
type,Yes,termite
Is it aquatic?,No,termite
Does it have a tail?,No,termite
Does it have hair?,No,termite
Does it produce milk?,No,termite
Is it a predator?,No,termite
Does it have legs?,Yes,termite
Does it lay eggs?,Yes,termite
Does it have fins?,No,termite
Does it have feathers?,No,toad
Is it toothed?,Yes,toad
Is it venomous?,No,toad
Does it have a backbone?,Yes,toad
catsize,No,toad
Does it breathe?,Yes,toad
Is it airborne?,No,toad
Is it domestic?,No,toad
type,Yes,toad
Is it aquatic?,Yes,toad
Does it have a tail?,No,toad
Does it have hair?,No,toad
Does it produce milk?,No,toad
Is it a predator?,No,toad
Does it have legs?,Yes,toad
Does it lay eggs?,Yes,toad
Does it have fins?,No,toad
Does it have feathers?,No,tortoise
Is it toothed?,No,tortoise
Is it venomous?,No,tortoise
Does it have a backbone?,Yes,tortoise
catsize,Yes,tortoise
Does it breathe?,Yes,tortoise
Is it airborne?,No,tortoise
Is it domestic?,No,tortoise
type,Yes,tortoise
Is it aquatic?,No,tortoise
Does it have a tail?,Yes,tortoise
Does it have hair?,No,tortoise
Does it produce milk?,No,tortoise
Is it a predator?,No,tortoise
Does it have legs?,Yes,tortoise
Does it lay eggs?,Yes,tortoise
Does it have fins?,No,tortoise
Does it have feathers?,No,tuatara
Is it toothed?,Yes,tuatara
Is it venomous?,No,tuatara
Does it have a backbone?,Yes,tuatara
catsize,No,tuatara
Does it breathe?,Yes,tuatara
Is it airborne?,No,tuatara
Is it domestic?,No,tuatara
type,Yes,tuatara
Is it aquatic?,No,tuatara
Does it have a tail?,Yes,tuatara
Does it have hair?,No,tuatara
Does it produce milk?,No,tuatara
Is it a predator?,Yes,tuatara
Does it have legs?,Yes,tuatara
Does it lay eggs?,Yes,tuatara
Does it have fins?,No,tuatara
Does it have feathers?,No,tuna
Is it toothed?,Yes,tuna
Is it venomous?,No,tuna
Does it have a backbone?,Yes,tuna
catsize,Yes,tuna
Does it breathe?,No,tuna
Is it airborne?,No,tuna
Is it domestic?,No,tuna
type,Yes,tuna
Is it aquatic?,Yes,tuna
Does it have a tail?,Yes,tuna
Does it have hair?,No,tuna
Does it produce milk?,No,tuna
Is it a predator?,Yes,tuna
Does it have legs?,No,tuna
Does it lay eggs?,Yes,tuna
Does it have fins?,Yes,tuna
Does it have feathers?,No,vampire
Is it toothed?,Yes,vampire
Is it venomous?,No,vampire
Does it have a backbone?,Yes,vampire
catsize,No,vampire
Does it breathe?,Yes,vampire
Is it airborne?,Yes,vampire
Is it domestic?,No,vampire
type,Yes,vampire
Is it aquatic?,No,vampire
Does it have a tail?,Yes,vampire
Does it have hair?,Yes,vampire
Does it produce milk?,Yes,vampire
Is it a predator?,No,vampire
Does it have legs?,Yes,vampire
Does it lay eggs?,No,vampire
Does it have fins?,No,vampire
Does it have feathers?,No,vole
Is it toothed?,Yes,vole
Is it venomous?,No,vole
Does it have a backbone?,Yes,vole
catsize,No,vole
Does it breathe?,Yes,vole
Is it airborne?,No,vole
Is it domestic?,No,vole
type,Yes,vole
Is it aquatic?,No,vole
Does it have a tail?,Yes,vole
Does it have hair?,Yes,vole
Does it produce milk?,Yes,vole
Is it a predator?,No,vole
Does it have legs?,Yes,vole
Does it lay eggs?,No,vole
Does it have fins?,No,vole
Does it have feathers?,Yes,vulture
Is it toothed?,No,vulture
Is it venomous?,No,vulture
Does it have a backbone?,Yes,vulture
catsize,Yes,vulture
Does it breathe?,Yes,vulture
Is it airborne?,Yes,vulture
Is it domestic?,No,vulture
type,Yes,vulture
Is it aquatic?,No,vulture
Does it have a tail?,Yes,vulture
Does it have hair?,No,vulture
Does it produce milk?,No,vulture
Is it a predator?,Yes,vulture
Does it have legs?,Yes,vulture
Does it lay eggs?,Yes,vulture
Does it have fins?,No,vulture
Does it have feathers?,No,wallaby
Is it toothed?,Yes,wallaby
Is it venomous?,No,wallaby
Does it have a backbone?,Yes,wallaby
catsize,Yes,wallaby
Does it breathe?,Yes,wallaby
Is it airborne?,No,wallaby
Is it domestic?,No,wallaby
type,Yes,wallaby
Is it aquatic?,No,wallaby
Does it have a tail?,Yes,wallaby
Does it have hair?,Yes,wallaby
Does it produce milk?,Yes,wallaby
Is it a predator?,No,wallaby
Does it have legs?,Yes,wallaby
Does it lay eggs?,No,wallaby
Does it have fins?,No,wallaby
Does it have feathers?,No,wasp
Is it toothed?,No,wasp
Is it venomous?,Yes,wasp
Does it have a backbone?,No,wasp
catsize,No,wasp
Does it breathe?,Yes,wasp
Is it airborne?,Yes,wasp
Is it domestic?,No,wasp
type,Yes,wasp
Is it aquatic?,No,wasp
Does it have a tail?,No,wasp
Does it have hair?,Yes,wasp
Does it produce milk?,No,wasp
Is it a predator?,No,wasp
Does it have legs?,Yes,wasp
Does it lay eggs?,Yes,wasp
Does it have fins?,No,wasp
Does it have feathers?,No,wolf
Is it toothed?,Yes,wolf
Is it venomous?,No,wolf
Does it have a backbone?,Yes,wolf
catsize,Yes,wolf
Does it breathe?,Yes,wolf
Is it airborne?,No,wolf
Is it domestic?,No,wolf
type,Yes,wolf
Is it aquatic?,No,wolf
Does it have a tail?,Yes,wolf
Does it have hair?,Yes,wolf
Does it produce milk?,Yes,wolf
Is it a predator?,Yes,wolf
Does it have legs?,Yes,wolf
Does it lay eggs?,No,wolf
Does it have fins?,No,wolf
Does it have feathers?,No,worm
Is it toothed?,No,worm
Is it venomous?,No,worm
Does it have a backbone?,No,worm
catsize,No,worm
Does it breathe?,Yes,worm
Is it airborne?,No,worm
Is it domestic?,No,worm
type,Yes,worm
Is it aquatic?,No,worm
Does it have a tail?,No,worm
Does it have hair?,No,worm
Does it produce milk?,No,worm
Is it a predator?,No,worm
Does it have legs?,No,worm
Does it lay eggs?,Yes,worm
Does it have fins?,No,worm
Does it have feathers?,Yes,wren
Is it toothed?,No,wren
Is it venomous?,No,wren
Does it have a backbone?,Yes,wren
catsize,No,wren
Does it breathe?,Yes,wren
Is it airborne?,Yes,wren
Is it domestic?,No,wren
type,Yes,wren
Is it aquatic?,No,wren
Does it have a tail?,Yes,wren
Does it have hair?,No,wren
Does it produce milk?,No,wren
Is it a predator?,No,wren
Does it have legs?,Yes,wren
Does it lay eggs?,Yes,wren
Does it have fins?,No,wren
